Manufacturer,Model,Weight_pred
Audi,100,3313.716847011012
Pontiac,Sunbird,2673.0154875359635
Chevrolet,Lumina,3073.304581158688
Mazda,RX-7,3210.5434782082757
Volkswagen,Fox,2260.969581949651
